first_name,last_name,email,username
Sara,Thomas,s.thomas@ymail.com,tallvacation
Aaron,Bryant,a_bryant@ymail.com,handsomeshelf
Kaitlyn,Hayes,krhayes@rocketmail.com,quietsound
Lauren,Baker,l.baker@live.com,handsomelanguage
Anna,Hall,ahall@aol.com,openmetal
Aiden,Green,aiden.henry.green@rocketmail.com,yellowriddle
Aaron,Young,aarona@rocketmail.com,usedfurniture
Nicole,Robinson,nicole.robinson@yahoo.com,violetwheel
Charles,Griffin,charles_francis_griffin@live.com,mellowkey
Jason,Anderson,jason_s_anderson@gmail.com,kindhearteddesk
Theodore,Bryant,tbryant@ymail.com,yellowcushion
Isaac,Jones,i.a@rocketmail.com,greenice
Emma,Kelly,emma.marie@aol.com,nondescriptexistence
James,Sanders,j.sanders@ymail.com,fastshade
Sebastian,Allen,swallen@rocketmail.com,dampvessel
Hannah,Campbell,hannah.campbell@rocketmail.com,coherentshelf
Owen,Collins,owenrcollins@yahoo.com,mistycrate
Erin,Gray,erin_renee_gray@gmail.com,voraciousriver
Sara,Torres,s_l_torres@outlook.com,interestingfuel
Samuel,Young,s_young@rocketmail.com,productivesuit
Andrew,Ramirez,a.ramirez@live.com,cleanshake
Audrey,Mitchell,audrey.grace.mitchell@ymail.com,puzzledcard
Victoria,Bennett,victoriag@outlook.com,festivebooks
Sophia,Gray,sophiagray@yahoo.com,receptivepurpose
Benjamin,Russell,b.russell@live.com,learnedsmile
Jennifer,Howard,j.m.howard@outlook.com,triteproperty
Brianna,Ramirez,briannaannramirez@live.com,violetshade
Kimberly,Hall,kimberly_mae_hall91@live.com,bouncystem
Haley,Robinson,haley_robinson@ymail.com,medicalrainstorm
Kaitlyn,Wilson,kaitlyn.grace.wilson@yahoo.com,animatedanimal
Tyler,Long,tlong97@rocketmail.com,chivalroustendency
Mateo,Parker,mparker@yahoo.com,roastedforce
Grace,Thompson,grace.thompson@gmail.com,eliteliquid
Benjamin,Ramirez,benjamin.ramirez@outlook.com,delicatetheory
Anna,Alexander,anna@ymail.com,bouncypurpose
Sophia,Hernandez,s.hernandez@rocketmail.com,outgoingshade
James,Sanders,james.alexander.sanders@live.com,frightenedhope
Joshua,Thompson,joshua.thompson@yahoo.com,elasticvoice
Theodore,Lewis,talewis@outlook.com,shortaccount
Sara,Smith,s.m.smith@aol.com,cooperativeimpulse
Rebecca,Simmons,rebecca.m.simmons@yahoo.com,naturaltin
Richard,Bell,rabell@rocketmail.com,publicslope
Alyssa,Washington,alyssa_m_washington@outlook.com,goofypocket
Kelsey,Rivera,k.i.rivera@hotmail.com,gulliblebridge
Jeremy,Lopez,jeremy.lopez@gmail.com,painstakingbulb
Jennifer,Sanders,jsanders43@aol.com,adorableproperty
Jason,Clark,jason.charles.clark@gmail.com,simpletooth
Zachary,Reed,zachary_reed74@gmail.com,chiefpin
Stephen,Kelly,stephen.scott.kelly86@hotmail.com,funnyboot
Brianna,Lee,blee@outlook.com,absorbedmailbox
Danielle,Diaz,d.r@gmail.com,tendersign
Megan,Sanders,m.sanders@outlook.com,niceexchange
Ethan,Harris,e_w_harris@yahoo.com,unknownvoice
Abigail,Williams,a_r@aol.com,priceypurpose
Joshua,Williams,j.m.williams@rocketmail.com,publicshelf
Joseph,James,jtjames@yahoo.com,vivaciousmailbox
Elizabeth,Parker,e_m_parker@rocketmail.com,hungryfuel
David,Parker,davideparker@yahoo.com,maddeningvoyage
Grace,Kelly,graceakelly@outlook.com,bashfulhorn
Layla,Collins,l_m_collins91@rocketmail.com,elastictooth
Kimberly,Lee,k.lee@hotmail.com,interestinggovernor
Evelyn,Lewis,elewis@yahoo.com,wryscarf
Aubrey,Barnes,aubrey.barnes@hotmail.com,equableproperty
Andrew,Nelson,andrewanelson@aol.com,unknownstart
Mark,Carter,mark_richard_carter@outlook.com,seemlynotebook
Michael,Simmons,m.t.simmons@gmail.com,equalair
Owen,Cox,o_a_cox68@rocketmail.com,publicshake
Eleanor,Jenkins,eleanor.m.jenkins@yahoo.com,clutterednoise
Robert,James,rrjames@aol.com,quickexchange
Maria,Brooks,maria@ymail.com,bewilderedhose
Richard,Flores,r.flores@outlook.com,miniatureexistence
Benjamin,Bennett,b.j.bennett36@aol.com,tenderaccount
Aiden,Barnes,abarnes@rocketmail.com,marvelousquilt
Stephanie,Simmons,s.k@aol.com,mysterioussuit
Alexander,Rivera,alexander.rivera@gmail.com,magentasteam
Aubrey,Jones,aubrey_i_jones@ymail.com,handsomehoney
Brianna,Washington,b_washington@hotmail.com,zippydesk
Justin,Perez,j_perez@gmail.com,wanderingcable
Jessica,Martin,j_l_martin@aol.com,wisestar
Nathan,Davis,nhdavis@aol.com,efficientbit
Victoria,Torres,victoria.may.torres@hotmail.com,overthoney
Ava,Walker,a_m_walker@hotmail.com,wickedvoice
Timothy,Parker,timothyrichard@yahoo.com,gullibledegree
Mary,Green,megreen@rocketmail.com,somberorder
Samuel,Powell,s.powell91@live.com,bashfulchicken
Brandon,Wood,bwood@ymail.com,priceyshelf
Katherine,Griffin,katherine_griffin@yahoo.com,distinctbulb
Samantha,Hill,shill@live.com,plainspring
Julian,Bennett,j_bennett@ymail.com,simplepin
Rachel,Adams,r.adams@gmail.com,vivaciousjeans
Hannah,Rivera,hannah_m_rivera@rocketmail.com,distinctmemory
Matthew,Hughes,m.hughes93@outlook.com,bettersound
Aaron,Moore,aaron@live.com,colossalbooks
Aaron,Green,aarongreen@yahoo.com,powerfulsnow
Andrew,Long,aelong@gmail.com,standinghook
David,Alexander,davidalexander@live.com,voraciouslanguage
Kimberly,Johnson,kjohnson@aol.com,festiverock
Stephen,Davis,stephendavid@hotmail.com,openflame
Hannah,Peterson,hannahipeterson@ymail.com,outgoingexistence
Kayla,Rivera,k.m.rivera60@hotmail.com,unknownmailbox
Heather,Wood,heather_a_wood@hotmail.com,delicatevoyage
Michelle,Martin,m.e@aol.com,frighteningaccount
Joshua,Perez,jperez@ymail.com,shortscience
Elizabeth,Rodriguez,e_rodriguez@ymail.com,tallsmile
Abigail,Long,a.m46@gmail.com,feignedcard
Sebastian,Phillips,sphillips@hotmail.com,quickcamera
Laura,Hill,lhill@ymail.com,roastedearth
Anna,Bailey,a_m_bailey@live.com,absentsilk
Alexis,Harris,alexis.harris@live.com,puzzlingbit
John,Rivera,j.rivera24@hotmail.com,firstmachine
Taylor,Taylor,taylor_anne_taylor@rocketmail.com,feignedorder
Michael,Perez,michael_j@gmail.com,woozyfeeling
Jeremy,Brown,j.brown53@aol.com,mysteriousnote
Eleanor,Ross,eleanor.m.ross@aol.com,largecoat
Michael,Ramirez,mramirez55@aol.com,highfalutinangle
John,Flores,johnedwardflores@hotmail.com,adorablemoney
Kyle,Lopez,kylejameslopez@rocketmail.com,temporaryplate
Evelyn,Martin,e_martin@outlook.com,breezyboot
Charlotte,Stewart,charlottem@outlook.com,rustictaste
Stephen,Cooper,s_cooper78@ymail.com,scientifictray
Rebecca,Brown,rsbrown@ymail.com,funnycherry
Charlotte,Brown,charlotte.brown29@rocketmail.com,charmingtomatoes
Aaron,Flores,aaron.ray@outlook.com,prettytendency
Nicole,Coleman,nicolecoleman25@rocketmail.com,zestyhook
Jessica,Young,jyoung@ymail.com,tallburst
Kelsey,Hill,kelsey.margaret.hill@hotmail.com,standingbridge
Julian,Hughes,julian.hughes@live.com,largesound
Danielle,Walker,d_i_walker@outlook.com,harshwren
Michael,Parker,m.c.parker@gmail.com,damagingtrain
Tiffany,Moore,tiffany@yahoo.com,iratesilk
Robert,Bryant,rwbryant@rocketmail.com,unwrittensteam
Kaitlyn,Long,k_n_long@gmail.com,enchantingknowledge
Grace,Perez,grperez30@aol.com,dynamicvoyage
Theodore,Thomas,theodoregeorgethomas@gmail.com,wrymouth
Dylan,Phillips,dylanphillips@live.com,nimbleflame
Owen,Adams,owen.r.adams@rocketmail.com,nondescriptdrop
Isaac,Jones,isaac_george_jones@aol.com,gulliblecat
Julian,Hill,j.hill@ymail.com,nicevessel
Christopher,Phillips,c.phillips@outlook.com,zippyshake
Samantha,Green,s.m@gmail.com,miniaturestory
Jack,Roberts,j_roberts18@aol.com,bashfulbadge
Heather,Rogers,hmrogers@ymail.com,puzzlingbulb
Tiffany,Cox,tiffany_m_cox64@aol.com,unwrittenharbor
Charlotte,Gonzales,charlotte_g_gonzales@aol.com,wrynote
Jose,Thompson,josethompson@live.com,calculatingsuit
William,Patterson,william_r_patterson@ymail.com,pumpedice
Rebecca,Rodriguez,rebeccarodriguez@hotmail.com,triteplate
Jennifer,Perez,jperez@gmail.com,maturetendency
Aaron,Ross,aaron_ross@aol.com,industriousbehavior
Claire,Brown,claire_j_brown@live.com,mistyaccount
Sofia,Ross,s_l_ross@ymail.com,befittingarm
Jasmine,Lewis,j.lewis70@aol.com,standingvacation
Alexandra,Johnson,alexandra_m_johnson48@outlook.com,jollyticket
Christina,Sanders,csanders@outlook.com,dampcook
Anna,Bailey,anna.r.bailey@hotmail.com,rusticthumb
James,Hernandez,james.hernandez96@live.com,elasticsign
Sarah,Long,s_l_long73@ymail.com,kindhearteddrop
Alexander,Rivera,alexander_rivera88@aol.com,zippylanguage
Anthony,Young,amyoung@aol.com,tenderyam
Charlotte,Phillips,cphillips@ymail.com,zestydesk
Richard,Young,r.a.young@live.com,calculatingocean
Grace,Robinson,g.m.robinson@hotmail.com,industriousstar
Brianna,Morgan,b.l.morgan@hotmail.com,kindlycontrol
Grace,Clark,gclark2@rocketmail.com,simplisticshape
Anthony,Howard,anthony_f_howard@ymail.com,coherentsnake
Kaitlyn,Patterson,k_r_patterson@hotmail.com,damagingangle
Tyler,Thomas,t.h.thomas@gmail.com,frighteningfurniture
Patrick,Cox,pcox@hotmail.com,fiercebulb
Steven,Flores,s_flores@rocketmail.com,upsetwind
Elizabeth,Collins,elizabeth.collins@hotmail.com,equablekey
Dylan,Alexander,dylan_james_alexander@live.com,charmingvoyage
Charles,Barnes,c_a_barnes@rocketmail.com,dustypocket
Natalie,Washington,natalie.l.washington@yahoo.com,quietmoney
Richard,Clark,r_clark@rocketmail.com,vivaciousearth
Mateo,Richardson,mateo.richardson@live.com,absentbadge
Ethan,Collins,ethan_collins@yahoo.com,wanderingbehavior
Nicole,Campbell,nicole.r.campbell30@gmail.com,naturalspring
Brandon,Bell,brandon@outlook.com,wickedsign
Eleanor,Scott,e_r42@ymail.com,entertainingeye
Eleanor,Thompson,eleanor@aol.com,simplerainstorm
Kyle,Washington,k.washington87@hotmail.com,spikymailbox
Grace,Hill,grace@rocketmail.com,crazyjar
Layla,Young,l_young@yahoo.com,festivefuel
Joseph,Kelly,j.c.kelly@hotmail.com,fasttendency
Rebecca,Barnes,rbarnes@live.com,typicalice
Brittany,Flores,brittany_flores@ymail.com,poisedproperty
Richard,Thomas,r_thomas@live.com,puzzlingface
William,Edwards,w_a_edwards38@ymail.com,priceythumb
David,Cox,david_cox@rocketmail.com,hungryhorn
Timothy,Morgan,t.morgan@live.com,stupendousshade
Joshua,Turner,joshuaturner@rocketmail.com,wickedrock
Erin,Campbell,e_a_campbell65@ymail.com,rambunctiousanimal
Samantha,Hall,samantha.l.hall@aol.com,complexchicken
Eleanor,Young,eleanoryoung@aol.com,funnyfuel
Brittany,Williams,b.williams19@rocketmail.com,fastcrate
William,Ward,w.a.ward@rocketmail.com,subsequentbucket
Sarah,Martinez,s_martinez@live.com,firstverse
Brian,Ward,b_m28@aol.com,maddeningair
Jose,Campbell,jose.campbell@ymail.com,incandescentfeeling
Charles,Kelly,ckelly92@hotmail.com,prettyice
Nicholas,Hughes,nicholas_hughes44@ymail.com,violetexistence
Mateo,Cooper,m.cooper@live.com,stupendoussnow
Christina,Griffin,c.griffin@outlook.com,strongfeeling
Kelsey,Sanchez,ksanchez@rocketmail.com,frightenedduck
Evelyn,Phillips,evelyn@gmail.com,jumbledtail
Maria,Barnes,maria_barnes@live.com,poisedstar
Adam,Johnson,a.johnson@rocketmail.com,enormouspurpose
Katherine,Scott,katherine.dawn.scott2@gmail.com,knowledgeablelamp
Elizabeth,Garcia,elizabeth.e.garcia@gmail.com,frighteningghost
Sara,White,sara_ruth_white@aol.com,knowledgeabletooth
Michael,Parker,m.j.parker@yahoo.com,enchantingtooth
Emily,Stewart,estewart@live.com,stormyhorn
Claire,Martin,claire_i_martin@yahoo.com,colossalmachine
Hannah,Morris,hmmorris@ymail.com,delicateshade
Ryan,Turner,ryan.turner@outlook.com,interestingframe
Danielle,Thompson,daniellethompson@outlook.com,coherentfuel
Michael,Hall,michael.hall@gmail.com,bouncyposition
Amber,Lopez,amber.lopez@outlook.com,funnyfriend
Gabriel,Richardson,gabriel_richardson28@aol.com,hungryangle
Ryan,Morris,r.w@hotmail.com,absentpin
Jack,Butler,jackbutler57@rocketmail.com,dappertray
Henry,Garcia,henryjgarcia@live.com,painstakingchicken
Jasmine,Powell,jasmine.rose.powell@gmail.com,quickmarket
Alexandra,Ward,a_l_ward@live.com,earthypocket
Lillian,Jenkins,lillian.ann.jenkins@live.com,gullibleswim
Isabella,Lewis,ilewis@outlook.com,painstakingcherry
William,Long,william_lee_long@aol.com,openexchange
Jonathan,Stewart,jstewart@rocketmail.com,firstharbor
Erin,Stewart,e.s.stewart@ymail.com,usedhoney
Aaron,Butler,a_t_butler@aol.com,rambunctiousnose
Joseph,Davis,josephedwarddavis@outlook.com,enormousduck
Megan,Cook,m.m.cook@ymail.com,gulliblepin
Melissa,Moore,m_moore@hotmail.com,animatedmachine
Theodore,King,theodore_king31@gmail.com,painstakingnoise
Megan,Brown,mbrown@aol.com,absorbedsmile
Olivia,Morgan,oliviamorgan@live.com,incandescentkey
Alyssa,Price,alyssa.marie.price@yahoo.com,puzzledcushion
Allison,Washington,a.m.washington@yahoo.com,kindlyhammer
Melissa,Scott,mscott@ymail.com,productiveair
Christina,Lee,cl@live.com,bashfulswim
Amelia,Hughes,alhughes@gmail.com,hurriedmitten
Sean,Washington,sean.a.washington@outlook.com,steadyjar
Mark,Smith,m.smith@outlook.com,zippyfriend
Timothy,Butler,tsbutler81@live.com,colossalsign
Amelia,Bryant,a_bryant@ymail.com,harshtaste
Mary,King,m_king@live.com,unwrittentendency
Grace,Sanchez,grace.renee.sanchez@yahoo.com,puzzledearth
Gabriel,Miller,gd29@ymail.com,quickgate
Claire,Kelly,c.d.kelly94@rocketmail.com,receptiveparcel
Michelle,Murphy,michellemurphy57@outlook.com,simplisticaccount
Abigail,White,abigaildawnwhite30@ymail.com,usedairplane
Kyle,Morris,kmorris90@live.com,shortcat
Abigail,Allen,aallen95@gmail.com,frighteninggovernor
Taylor,Coleman,taylor@rocketmail.com,seemlypurpose
Brittany,Cook,brittanycook@aol.com,industriousjar
Michelle,Perry,m.m@yahoo.com,learnedwind
Lillian,Evans,l.evans90@rocketmail.com,clutteredcard
Katherine,Lopez,krlopez@rocketmail.com,harshthunder
David,Kelly,dkelly33@gmail.com,certainbit
Ashley,Taylor,ashleymarietaylor@yahoo.com,wickedfrog
Audrey,Ramirez,audrey.lou@yahoo.com,jazzyvessel
Alyssa,Reed,alyssa46@rocketmail.com,lackingticket
David,Wood,d_a_wood@ymail.com,wickedgovernor
Sofia,Lewis,sofia.lewis@aol.com,quietair
Joseph,Reed,joseph_reed@hotmail.com,joyouscard
Amelia,Ward,a.ward@rocketmail.com,wanderinganimal
Ashley,Lee,ashley_jean@yahoo.com,nimbleorder
Megan,Perez,mn@rocketmail.com,painstakingcook
Nicole,Henderson,n_m_henderson@hotmail.com,briefcherry
Ryan,Bennett,rrbennett@hotmail.com,stupendouscushion
Megan,Watson,mwatson@ymail.com,plainsteam
Lauren,Nelson,lauren_sue_nelson@ymail.com,averagebucket
Jason,Griffin,j.m.griffin@gmail.com,equablegate
Stephen,Miller,stephenmiller@gmail.com,coherentdebt
Timothy,Patterson,t.patterson@yahoo.com,familiarsoup
Dylan,Butler,dylanbutler@gmail.com,publicmoney
Sofia,Ward,s.m.ward@yahoo.com,medicalshelf
Christina,Ross,cmross26@outlook.com,youthfulliquid
Nicole,Williams,n.williams@hotmail.com,niceburst
Isaac,Garcia,igarcia@hotmail.com,puzzlingpurpose
Joseph,Rodriguez,joseph.eugene@outlook.com,funnycook
Emma,Ross,elross21@ymail.com,magentamouth
Chelsea,Bryant,c_bryant@live.com,shortcontrol
Heather,Nelson,heather.n2@live.com,fiercegovernor
Grace,Roberts,g.m.roberts@hotmail.com,wanderingspring
Theodore,Miller,theodore_j@hotmail.com,faintbehavior
Austin,Garcia,a_garcia34@live.com,certainangle
Joseph,Cooper,josephmcooper@ymail.com,lackingwren
Justin,Howard,justin_l36@hotmail.com,woozytrip
Katherine,Hayes,katherine.m.hayes@yahoo.com,adorableplate
Christina,Foster,christina70@live.com,stickycoat
Stephanie,Price,s_price@aol.com,dapperjewel
Aubrey,Young,a.young39@gmail.com,woodenbadge
Katherine,Lee,katherine_lee@ymail.com,violetkey
Kaitlyn,Russell,kaitlynann@gmail.com,squealingpurpose
Andrew,Howard,andrewchoward6@outlook.com,mightystart
Samuel,Coleman,samuelalancoleman@live.com,mysteriousthumb
Thomas,Long,tmlong@live.com,wickedrange
Alexandra,Simmons,alexandrasimmons@outlook.com,quietair
Charlotte,Scott,charlotte.scott@aol.com,enchantingforce
Ryan,Young,ryoung@live.com,opendebt
Chelsea,Peterson,chelseajpeterson@yahoo.com,mysteriousmailbox
Kaitlyn,Brown,k.brown@hotmail.com,entertainingbulb
Mary,Reed,mary.j@outlook.com,triteposition
Brian,Lopez,brian.a.lopez@yahoo.com,dynamiccrate
Benjamin,James,b_e_james71@live.com,elasticwriting
James,Brooks,j_brooks@ymail.com,enormoustin
Sarah,Ramirez,s.r.ramirez75@aol.com,colossalwriting
Andrew,Carter,andrewcarter10@hotmail.com,bewildereddegree
Taylor,Torres,taylor.l.torres@rocketmail.com,usedface
Sean,Bryant,s.r@ymail.com,mistytooth
Stephen,Flores,s.flores74@gmail.com,befittingbooks
Christina,Butler,christinalee@rocketmail.com,feignedflame
Joshua,Garcia,j_s_garcia@aol.com,shycat
Robert,Coleman,robert.joseph.coleman@ymail.com,nimblefriend
Jennifer,Hayes,j.l.hayes@aol.com,breezywren
Ryan,Reed,r.j.reed5@ymail.com,wickedslope
Alexander,Parker,aa@outlook.com,violetticket
Jose,Griffin,joseedwardgriffin@rocketmail.com,largeduck
Henry,Scott,henry.scott19@yahoo.com,mysteriouscamera
Brianna,Moore,brianna_moore99@rocketmail.com,chivalrouslanguage
Daniel,Roberts,daniel.j.roberts@ymail.com,dampvoyage
Christopher,Scott,c.scott@outlook.com,wickedkey
Rebecca,Garcia,r.garcia@gmail.com,irateplate
Timothy,Jenkins,timothy.r.jenkins@live.com,chemicalairplane
Brittany,Collins,brittany.collins@hotmail.com,nimblewren
Olivia,Baker,o.baker68@aol.com,elastichook
Mateo,Clark,m.j.clark@rocketmail.com,subsequentnotebook
Mark,Wright,m.wright@live.com,bouncyharbor
Steven,Thompson,s_j@rocketmail.com,wanderingsign
Oliver,Simmons,o.l@outlook.com,goofythunder
Layla,Brooks,laylabrooks@yahoo.com,priceywriting
Emily,Hayes,ehayes@hotmail.com,cleanrainstorm
Victoria,Carter,victoriacarter@rocketmail.com,wanderingrecess
Thomas,Peterson,thomas@live.com,youthfuldesk
Aaron,Smith,a.smith@gmail.com,mysteriousrange
Jose,Bell,jose.robert.bell@live.com,nicemarket
William,Walker,williamwalker44@aol.com,safesweater
Amelia,Washington,awashington@gmail.com,rambunctiouspin
Courtney,Washington,courtneyrosewashington@ymail.com,stupendousaccount
Kayla,Williams,k.m73@outlook.com,miniaturetooth
Grace,Richardson,grace.richardson@outlook.com,dustybridge
Megan,Harris,meganharris@aol.com,wrysweater
Brandon,Johnson,b_j_johnson63@outlook.com,temporaryshade
Julian,Morris,jj@outlook.com,bouncyrecess
Alexandra,Bennett,alexandra_a_bennett@ymail.com,lackingspring
Zachary,Thomas,z_g@gmail.com,mightyframe
Laura,Taylor,lntaylor@yahoo.com,elasticstem
Erin,Murphy,e_r_murphy@aol.com,priceyangle
Zachary,Jackson,zacharyajackson@outlook.com,overtpurpose
Amelia,Lewis,a_a_lewis@hotmail.com,frightenedhope
Kaitlyn,Perry,k_perry@live.com,cleaneye
Eleanor,Sanchez,e.m.sanchez57@live.com,zestyproperty
Kaitlyn,Anderson,kaitlyn.mary.anderson64@aol.com,zippyticket
Haley,Sanchez,haleysanchez@hotmail.com,colossaltrain
Melissa,Stewart,m.stewart@gmail.com,stickyswim
Erin,Wilson,e_wilson75@outlook.com,stupendouscreature
Stephen,Reed,stephenreed@yahoo.com,dampeye
Claire,Nelson,c.nelson@yahoo.com,harshbooks
Sarah,Cox,s_m_cox22@hotmail.com,simplestar
Natalie,Stewart,n.m.stewart72@ymail.com,damagingsign
Brandon,Green,b_green@aol.com,briefnose
Mateo,Phillips,mateophillips@hotmail.com,seemlywriting
Olivia,Green,ogreen@live.com,powerfulcreature
Benjamin,Henderson,benjamin_joseph@rocketmail.com,vivacioustray
Olivia,White,olivia_sue_white@aol.com,charmingspring
Danielle,Gonzales,d_m_gonzales@outlook.com,outgoingtalk
Stephanie,Lopez,s.m.lopez54@outlook.com,upsetmailbox
Michelle,Price,mprice92@gmail.com,jazzysilk
Isabella,Cooper,isabellarcooper@live.com,breezyharbor
Joseph,Phillips,joseph_phillips33@gmail.com,quickcoat
Eric,Young,ericleeyoung@rocketmail.com,poisedquilt
Benjamin,Lee,brlee@aol.com,medicaldebt
Erin,Brown,e_brown@rocketmail.com,largelanguage
Ethan,Johnson,ethan_johnson@yahoo.com,maturetheory
Ethan,Lopez,ethan@rocketmail.com,knowledgeabletin
Owen,Wood,owenwood@gmail.com,tenderbelieve
Lauren,Brooks,lbrooks@aol.com,clutteredkey
Aaron,Williams,arwilliams@aol.com,safeboot
Thomas,Wood,thomas.w.wood@outlook.com,interestingcoat
Rachel,Flores,rachelmarieflores@gmail.com,quietjar
Amanda,Taylor,amanda_taylor@hotmail.com,handsomespring
Sofia,Price,sofia.price@rocketmail.com,somberplate
Jonathan,Mitchell,jw@hotmail.com,upsetgovernor
Maria,Cook,maria.marie@gmail.com,charmingdegree
Oliver,James,oliver_george@aol.com,medicalmemory
Jose,Cox,jose.w.cox@hotmail.com,hurriedrange
Emily,Johnson,emilynicole@gmail.com,briefexchange
Anna,Patterson,a_j_patterson32@gmail.com,jumbledpurpose
Gabriel,Brown,g_a_brown@hotmail.com,equableticket
Aubrey,Walker,aubreywalker@outlook.com,spikyairplane
Katherine,Hughes,k.hughes@live.com,poisedstem
Claire,Cox,claire.cox11@live.com,festivebooks
Jeremy,Ramirez,j.ramirez@gmail.com,adorabletail
Alexandra,Hughes,ahughes@aol.com,zippystart
Thomas,Ramirez,t_ramirez94@rocketmail.com,painstakingmouth
Aiden,Price,a.r.price@yahoo.com,bigrock
Adam,Ward,a.j.ward@ymail.com,mightyjeans
Joseph,Barnes,josephbarnes@rocketmail.com,violetexistence
Oliver,Coleman,ojcoleman@live.com,bettertrip
Audrey,Reed,areed@outlook.com,harshplate
Nathan,Hughes,nathan.joseph.hughes76@hotmail.com,typicalsnake
Henry,Hernandez,hlhernandez22@yahoo.com,magentaroof
Sean,Ward,sfward57@aol.com,dampharbor
Jennifer,Brooks,j.a.brooks@outlook.com,wryhope
Olivia,Hayes,o.r.hayes80@yahoo.com,cuterecess
Dylan,Nelson,dylan_j97@gmail.com,zestyshape
Tyler,Nelson,tylernelson@gmail.com,quietshade
Ashley,Wilson,a.wilson@rocketmail.com,knowledgeableearth
Charles,Wright,charles_l_wright@hotmail.com,betterwhistle
Matthew,Foster,mm@gmail.com,enchantingvacation
Eric,Bryant,eric.bryant@hotmail.com,receptiveswim
Jasmine,Rogers,jasmine_rogers30@live.com,stupendousduck
Thomas,Ross,thomas_edward_ross@aol.com,opensnake
Tiffany,Hall,tiffanyhall@live.com,nimblechicken
Robert,Perry,robert.j.perry@aol.com,steadyocean
Eleanor,Ross,e_m_ross21@rocketmail.com,learnedocean
Hannah,Torres,hannahruthtorres77@gmail.com,woodenface
Rachel,Perez,r_e_perez@yahoo.com,zestystart
Aubrey,Brown,aubreybrown24@ymail.com,clutteredsmile
Natalie,Foster,n_e_foster@outlook.com,distinctjewel
Jasmine,Johnson,jasmine.johnson@outlook.com,matureproperty
Timothy,Jenkins,t_j_jenkins@aol.com,miniaturesign
Anna,Simmons,annasimmons@outlook.com,faintmemory
Jeremy,Thomas,jeremy.thomas24@yahoo.com,safeactivity
Brian,Martin,brian_a_martin@hotmail.com,gullibleearth
Sean,Lee,s_lee@gmail.com,mellowexistence
Julian,Clark,julian.clark@gmail.com,delicatesilk
Nicholas,Murphy,nmurphy33@live.com,scientificplate
Kimberly,Miller,k_miller@outlook.com,violettomatoes
Christopher,Cook,c.cook@ymail.com,stupendouswave
Alexandra,Harris,a_k@yahoo.com,iratekey
Isaac,Watson,i.c@ymail.com,quickghost
Amber,Henderson,amber_g_henderson63@rocketmail.com,lackingbridge
Mateo,Miller,m.e.miller@rocketmail.com,equabletendency
Alyssa,Clark,alyssa.clark@ymail.com,niceface
Brandon,Clark,bclark@aol.com,goofybooks
Justin,Murphy,jmurphy19@rocketmail.com,woozykey
Timothy,Williams,timothywilliams@outlook.com,simplesupport
Kaitlyn,Wood,kaitlynwood@aol.com,industriouswhistle
Samantha,Evans,samanthaevans@ymail.com,nicemouth
John,Perez,jperez@gmail.com,greenquilt
Jeremy,Watson,jeremy_a_watson@aol.com,entertainingrainstorm
Erin,Flores,eflores@rocketmail.com,goofyharbor
Timothy,Collins,t.collins@yahoo.com,mysterioussnake
Anthony,Bell,abell61@rocketmail.com,cleanrailway
Charles,Barnes,charles_barnes@aol.com,fiercecard
Brandon,Collins,brandonanthonycollins@hotmail.com,hungryswim
Aiden,Flores,aidenflores@aol.com,clutteredshelf
Melissa,Brooks,m.f.brooks36@rocketmail.com,equabletalk
Charles,Brown,cr@rocketmail.com,bashfulwhistle
Kevin,Jenkins,kevin_jenkins@aol.com,temporarysteam
Kaitlyn,Ramirez,k.ramirez@gmail.com,scientificvoyage
Dylan,Jackson,d.jackson14@hotmail.com,magentaparcel
Victoria,Patterson,victoriampatterson@yahoo.com,elasticmarket
Aubrey,Garcia,a_g_garcia@yahoo.com,frighteningmouth
Stephanie,Martinez,smmartinez@rocketmail.com,marveloustrip
Sara,Morgan,s_morgan@gmail.com,cutecherry
Amelia,Wilson,amelia@ymail.com,frightenedhammer
Kyle,Barnes,kyle.matthew.barnes@hotmail.com,sneakyfrog
Melissa,King,melissa.renee@ymail.com,powerfulbehavior
Samuel,Gray,samuel_gray@rocketmail.com,voraciousproperty
Zachary,Davis,z_m_davis@ymail.com,mistyanimal
Audrey,James,arjames25@yahoo.com,bigthumb
Jasmine,Johnson,jjohnson@gmail.com,seemlypin
Kayla,Powell,kapowell84@aol.com,mistyforce
Courtney,Bennett,c.s.bennett98@rocketmail.com,kindheartedvoyage
James,Richardson,j.richardson@live.com,fastcontrol
Heather,Young,heathereyoung@yahoo.com,pumpedghost
Charlotte,Griffin,clgriffin@live.com,safewriting
Kayla,Patterson,k.patterson@hotmail.com,voraciousparcel
Brandon,Henderson,brandon@rocketmail.com,feignedcamera
Brandon,Howard,brandon_howard@ymail.com,averagewriting
Christina,Ross,christinadawnross@yahoo.com,nondescriptjewel
Grace,Phillips,grace@aol.com,chemicalanimal
Sean,Harris,sean.a.harris@gmail.com,breezyposition
Charlotte,Flores,cflores@outlook.com,youthfulimpulse
Stephen,Phillips,stephen_phillips@rocketmail.com,maddeningtooth
Abigail,Henderson,a_henderson7@outlook.com,entertainingyam
Mary,Russell,mrussell@rocketmail.com,roastedmetal
Timothy,Cox,tecox@ymail.com,scientificjar
Isaac,Bell,ilbell@aol.com,fiercemailbox
Julian,Ward,julianward@aol.com,woodenimpulse
Mary,Bailey,mary.bailey@outlook.com,quietverse
Rachel,Reed,r_r_reed@rocketmail.com,richelbow
James,Allen,j.m.allen@hotmail.com,dullbridge
Megan,Hall,meganmhall@gmail.com,scientificangle
Henry,Garcia,h_garcia@outlook.com,maturetin
Mark,Adams,m_adams15@aol.com,wisememory
Sofia,Perry,sperry@gmail.com,nicecorn
Allison,Davis,allisonadavis@outlook.com,typicalsound
Stephen,Ross,s.w.ross@yahoo.com,mistymetal
Alexander,Hill,a_hill@gmail.com,dullduck
Kayla,Alexander,kaylalalexander87@live.com,dullriddle
Robert,Watson,r.m.watson@rocketmail.com,funnymailbox
Kevin,White,kevin.white79@hotmail.com,clutteredbelieve
Aiden,Reed,aidenanthonyreed90@yahoo.com,delicateroof
Isabella,Watson,i_a_watson@ymail.com,kindlyorder
Amelia,Jones,ajones@outlook.com,nimblenotebook
Chelsea,Taylor,chelsea.taylor@yahoo.com,sneakyposition
Brittany,Brown,b_a_brown@yahoo.com,festiveduck
James,Alexander,jaalexander@outlook.com,maddeningknowledge
Lillian,Perez,lnperez@rocketmail.com,zestystory
Oliver,Jackson,owjackson@ymail.com,zestyscarf
Christina,Powell,c_powell@gmail.com,stickysweater
Rachel,Jackson,rjjackson@ymail.com,naturalplate
Olivia,Morris,olivia_morris2@ymail.com,greentomatoes
Ava,Lee,ava.lee@aol.com,nondescripttendency
Brittany,Collins,brittany.kay.collins@hotmail.com,plainmoney
Jose,Hernandez,jshernandez@gmail.com,squealingdebt
Nathan,Kelly,n.kelly56@yahoo.com,defiantkey
Ryan,Butler,rbutler@outlook.com,nondescriptstem
Ashley,Turner,alturner54@gmail.com,fastflame
Kimberly,Long,klong52@gmail.com,voraciousjeans
Ethan,Peterson,epeterson@outlook.com,wrystar
Lillian,Lopez,lillian.lopez@yahoo.com,plaincard
Dylan,Butler,dbutler@outlook.com,fastrainstorm
Abigail,Thomas,a_m@hotmail.com,temporarypocket
Isaac,Gonzales,i.gonzales33@gmail.com,gullibleexistence
Stephen,Hall,s.e@hotmail.com,frighteningmitten
Sean,Henderson,s.r.henderson@live.com,zestyair
Kayla,Morgan,kmorgan@live.com,clutteredsweater
Nathan,Rogers,nathan_a_rogers@ymail.com,typicaleye
Sebastian,Wright,s_m_wright@aol.com,voraciousbear
Oliver,Gray,ogray@hotmail.com,feignedbadge
Jose,Thompson,jrthompson@outlook.com,hungrytomatoes
Lauren,Bell,l_bell@ymail.com,uppityjewel
Owen,Wood,owenalexander@outlook.com,hungryframe
Eric,Long,elong@aol.com,faintcushion
Ethan,Jenkins,e_jenkins64@aol.com,plainmouth
Kyle,Stewart,k.j.stewart26@outlook.com,dustystory
Nicole,Flores,nicole.s.flores@outlook.com,rambunctiousswim
Thomas,Rivera,thomas@yahoo.com,jumbledstory
Sebastian,Mitchell,s_mitchell@outlook.com,puzzlingrange
Ava,Rodriguez,ava_f_rodriguez@ymail.com,chivalrouscherry
Nicole,Hughes,nicolehughes@rocketmail.com,zestyrock
Alexis,Watson,alexis.irene.watson@yahoo.com,steadydesk
Joshua,Morgan,joshuacmorgan96@rocketmail.com,rusticcoat
Amber,Richardson,amber.richardson@gmail.com,rambunctiousthunder
Brianna,Coleman,b.coleman@aol.com,zippystory
Austin,Phillips,aphillips7@ymail.com,stormyshade
Timothy,Howard,timothyhoward@aol.com,absorbedangle
Hannah,Bell,h.bell@yahoo.com,gulliblejar
Melissa,Simmons,melissasimmons@yahoo.com,outgoingsmile
Alexis,Reed,areed@gmail.com,joyousverse
Allison,Hall,allisonhall@gmail.com,nicetray
Samuel,Griffin,samuel_anthony_griffin@aol.com,squealingthunder
Heather,Peterson,hpeterson@yahoo.com,uppitytaste
Kyle,Howard,kyle.howard@ymail.com,dapperearth
Michael,Anderson,m.a.anderson@aol.com,iratestem
Audrey,Rogers,audrey_rogers@aol.com,typicalletter
Sofia,Murphy,sofia@ymail.com,shortbelieve
Haley,Green,h_green@gmail.com,upsetlanguage
Layla,Foster,lfoster@live.com,calculatingmitten
Christopher,Thomas,cthomas@rocketmail.com,feignedrange
Sophia,Thomas,s_thomas@gmail.com,zippyscience
Kayla,Rodriguez,k.n35@hotmail.com,medicalnotebook
Owen,Martinez,owen@outlook.com,enormousbit
Kevin,Ward,k.ward@yahoo.com,efficientkey
Timothy,Jackson,t.a.jackson@ymail.com,somberbear
Mary,Sanchez,msanchez@ymail.com,temporarycontrol
Ashley,Clark,ashley_clark82@outlook.com,familiarbucket
Andrew,Martin,andrew.martin@yahoo.com,ultramachine
Joseph,Brooks,j_brooks@aol.com,rusticstart
Sarah,Richardson,s.richardson@live.com,defiantbooks
Brandon,Diaz,badiaz@aol.com,entertainingghost
Dylan,Anderson,d.anderson@gmail.com,feignedbridge
Rachel,Wright,rachel_lee_wright@outlook.com,woozyhose
Amelia,Evans,amelia.renee4@live.com,standingsilk
Austin,Green,a.c29@yahoo.com,chivalrousfurniture
Kyle,Kelly,kyle_kelly@rocketmail.com,nondescriptdrop
Michelle,Bennett,michellemarybennett@yahoo.com,wiseexistence
Claire,Rodriguez,c.rodriguez@rocketmail.com,wanderingmoney
David,Turner,dj5@hotmail.com,roastedbelieve
Patrick,Gray,patrickgeorgegray46@gmail.com,spikyjewel
Jasmine,Thomas,j_thomas@rocketmail.com,typicalexchange
Steven,Flores,s_flores@live.com,colossalproperty
Gabriel,Hernandez,gabrielrichardhernandez@ymail.com,largetaste
Michael,Reed,m_reed@aol.com,bouncyanimal
Sean,Hayes,sean_richard_hayes96@yahoo.com,fiercewhistle
Anthony,Simmons,anthony_simmons@ymail.com,greenticket
Samuel,Collins,samuel.collins@hotmail.com,strongmailbox
Brian,Baker,briancbaker@yahoo.com,crazyhoney
Ryan,Bell,r_w_bell@gmail.com,equalrailway
Nathan,Hall,nhall@outlook.com,fastface
Jeremy,Sanders,jeremy.michael.sanders@rocketmail.com,prettyeye
Brian,Long,brian.ray.long@live.com,vivaciousgate
Kelsey,Howard,kelsey.howard@rocketmail.com,youthfulkey
Charlotte,Brooks,charlottebrooks@hotmail.com,kindhearteddebt
Mark,Garcia,mtgarcia@gmail.com,cooperativeslope
Evelyn,Campbell,e.campbell@rocketmail.com,vivaciouskey
Brianna,Price,bprice@outlook.com,rambunctiousmoney
Owen,Young,oyoung@live.com,sombersnow
Emily,Carter,ecarter@gmail.com,festivecrate
Gabriel,Harris,gabriel.r@aol.com,simplerailway
Nathan,Washington,nathanscottwashington@ymail.com,zippycard
Alexander,Collins,a_r_collins36@live.com,chemicalriver
Abigail,Hernandez,a.r.hernandez1@rocketmail.com,familiarsilk
Olivia,Harris,oharris@ymail.com,zestyshake
Alexandra,Campbell,alexandracampbell@hotmail.com,bouncymetal
Joshua,Butler,joshua_butler@yahoo.com,frightenedice
Sara,Garcia,sara_garcia@live.com,cutefeeling
Mary,Gray,marygray@ymail.com,adorabletail
Charles,Clark,charles_clark@live.com,voraciousshake
Kimberly,Ramirez,kimberlyreneeramirez@ymail.com,bighammer
Maria,Wright,maria.f.wright@hotmail.com,enchantingcoat
Jason,Thomas,jthomas@live.com,outgoingquilt
Eleanor,Hughes,e.l.hughes@gmail.com,mellowgate
Brian,Russell,brussell@gmail.com,feignedbadge
Jack,Patterson,j.w.patterson@live.com,mysteriousjeans
Stephen,Rivera,sfrivera@hotmail.com,gulliblebadge
Owen,Anderson,o_anderson@aol.com,bashfultail
Kayla,Green,kmgreen@ymail.com,poisedrange
Natalie,Powell,natalie.powell@rocketmail.com,mistytomatoes
Melissa,Griffin,melissa.griffin@yahoo.com,kindlyghost
Richard,Jenkins,rjenkins@aol.com,scientificyam
Brittany,Morgan,brittany_i_morgan@gmail.com,gulliblewheel
William,Hayes,william_hayes@ymail.com,shysign
Andrew,Parker,andrew.parker@ymail.com,squealingscarf
Evelyn,Torres,etorres@aol.com,briefbooks
Jessica,Thompson,jessica.thompson@aol.com,kindheartedfeeling
Andrew,White,andrewwhite@ymail.com,delicateimpulse
Charles,White,c.white39@live.com,faintdrop
Daniel,Brown,daniel_brown@ymail.com,stormyrailway
Brandon,James,b_j_james@hotmail.com,typicaldrop
Nathan,Hall,nathanhall@gmail.com,voraciousmailbox
Alexander,Brooks,a_a_brooks@outlook.com,bewilderednoise
Audrey,Adams,a_m_adams@outlook.com,seemlyriver
Emma,Peterson,e.peterson@rocketmail.com,overtmitten
Michael,Rogers,michael_robert_rogers@gmail.com,subsequentscience
Melissa,Martinez,mgmartinez@gmail.com,wanderingstart
Amber,Harris,amberdharris@hotmail.com,elastictin
Benjamin,Martin,b.a.martin@gmail.com,mightyghost
Gabriel,Diaz,gabriel.m.diaz@live.com,absorbedshade
Jason,Stewart,jasonandrewstewart@live.com,flashythunder
Joseph,Ross,joseph_ross@hotmail.com,flashyhope
Jasmine,Gray,jfgray87@live.com,realarm
Amber,Perry,amber_m_perry@yahoo.com,unknownshade
Adam,Richardson,arichardson22@live.com,distinctdebt
Brian,Bell,b.a.bell@aol.com,wryhose
Lillian,Carter,lillian_carter@live.com,iratebooks
John,Collins,j.collins@gmail.com,uppitybridge
Joseph,Diaz,j.a.diaz@ymail.com,poisedkey
Sofia,Clark,sofia_r_clark@gmail.com,tendertheory
Nathan,Torres,nrtorres@live.com,vivacioussnake
Megan,Roberts,megan.mae.roberts97@rocketmail.com,complexfurniture
Brianna,Gray,b.l.gray86@hotmail.com,youthfulrock
Zachary,King,zaking74@outlook.com,joyoustomatoes
Anna,White,a.white@gmail.com,powerfulmoney
Gabriel,Reed,gabrielcreed@gmail.com,uppitybelieve
Christina,Thomas,cthomas@hotmail.com,incandescentharbor
Eric,Ross,eross@gmail.com,yellowanimal
Olivia,Williams,oliviawilliams@rocketmail.com,powerfulquilt
Jack,Foster,j.foster@aol.com,rambunctiousice
Ethan,Roberts,ee@outlook.com,bewilderedjeans
Oliver,King,o.king@live.com,jumbledelbow
Richard,Flores,richard.d.flores@ymail.com,temporarypin
Haley,Foster,haleyfoster@live.com,distinctknowledge
Alexander,Rogers,alexander_e_rogers@gmail.com,zestydebt
Sara,Foster,safoster@gmail.com,damagingspace
Emma,Mitchell,emmajmitchell@hotmail.com,dappermouth
Hannah,Martinez,hannah.martinez@gmail.com,quickgovernor
Andrew,Reed,a_l_reed@live.com,rusticstart
Adam,Price,a.r.price@gmail.com,sneakymachine
Sarah,Green,sarah_r_green@gmail.com,animatedticket
Brianna,Simmons,briannasimmons@live.com,jazzyairplane
Victoria,Wright,victoriasue93@hotmail.com,bigcorn
Haley,Hall,hmhall37@ymail.com,voraciouscoat
Chelsea,Allen,c.allen@live.com,breezywren
Austin,Bell,ag@yahoo.com,subsequentfurniture
Taylor,Bennett,tbennett@outlook.com,stickywhistle
Amelia,Flores,amelia_flores@rocketmail.com,yellowtendency
Ethan,Bell,ethan.bell7@ymail.com,equaltrip
Sebastian,Moore,sebastiandavidmoore@yahoo.com,festivevessel
Stephen,Carter,s_carter@ymail.com,outgoingtaste
Andrew,Johnson,ajohnson@ymail.com,coherentjar
Kevin,Lopez,k_lopez@rocketmail.com,dustyspace
Ava,Scott,ava.k@hotmail.com,bewilderedstem
Jennifer,Hill,j.e.hill@ymail.com,plainvoice
Michelle,Davis,m.davis25@yahoo.com,productivepocket
Sarah,Martin,s_martin95@rocketmail.com,vivacioustray
Owen,Bailey,owenj@rocketmail.com,maddeningcorn
Kelsey,Bennett,k_l_bennett16@aol.com,bigairplane
Evelyn,Garcia,eagarcia@aol.com,damagingangle
Emily,Williams,e_williams@ymail.com,yellowsupport
Jonathan,Simmons,j.f.simmons@live.com,safeswim
Alyssa,Martin,alyssajeanmartin@gmail.com,zippytin
Matthew,Green,matthewagreen56@aol.com,powerfulliquid
Brittany,Peterson,bpeterson@live.com,chieflanguage
Justin,Reed,j.reed@hotmail.com,mellowtaste
Joseph,Richardson,jdrichardson@rocketmail.com,dustyshelf
Andrew,Murphy,andrew_charles_murphy@rocketmail.com,upsetticket
Brandon,Lewis,brandon.a.lewis@yahoo.com,magentadrop
Anna,Simmons,anna.marie.simmons@gmail.com,kindlysnake
Victoria,Russell,victoria_russell42@aol.com,wanderingbear
Dylan,Henderson,dylan_henderson99@ymail.com,zippycrate
Sebastian,Green,sebastianwaynegreen57@yahoo.com,rambunctiousframe
Alexandra,Williams,a_m@gmail.com,dampframe
Mateo,Reed,m_m@ymail.com,absorbedwren
Ethan,Gray,ethan_gray70@live.com,steadyfrog
Mark,Ross,mcross@yahoo.com,festivebit
Ryan,Walker,r_walker@yahoo.com,frightenedhook
Joshua,Russell,joshuajrussell@hotmail.com,sombersound
Stephen,Edwards,stephen24@live.com,strongduck
Amber,White,alwhite@hotmail.com,miniaturejar
Ava,Howard,a.howard18@yahoo.com,chemicalpocket
William,Rodriguez,williamrrodriguez@outlook.com,quietletter
Adam,Stewart,ajstewart@outlook.com,harshsign
Taylor,Simmons,taylor.irene.simmons70@yahoo.com,handsomeshelf
Rebecca,Reed,rm@live.com,zestycoat
Natalie,Reed,nataliemayreed@live.com,flashyair
Lillian,Parker,lillian.parker66@yahoo.com,firstbelieve
Ava,Ramirez,a_a@rocketmail.com,firstvoice
Kevin,Diaz,kr@aol.com,hurriedsuit
Victoria,Jenkins,victoriarjenkins@ymail.com,hungrywriting
Tiffany,Parker,tiffanyparker@ymail.com,enormouswave
Brandon,Coleman,brandonacoleman@gmail.com,clutteredvacation
Sara,Bennett,s_r_bennett@gmail.com,magentamoney
Mark,Diaz,markraydiaz@outlook.com,highfalutinstart
Christina,Long,c_r_long@gmail.com,dynamicearth
Adam,Anderson,adam@rocketmail.com,ultravacation
Sean,Bryant,seanbryant@gmail.com,earthyscience
Grace,Roberts,g_j_roberts@hotmail.com,nicetray
Amelia,Washington,a.washington@outlook.com,quickkey
Mateo,Turner,mateojoseph@gmail.com,simplisticexchange
Joseph,Adams,joseph95@rocketmail.com,woodenmachine
Olivia,Carter,olivia.carter@hotmail.com,knowledgeablewren
Benjamin,Henderson,benjamin_alan_henderson@hotmail.com,tenderstory
Abigail,Watson,abigailwatson73@hotmail.com,mysteriousimpulse
Brandon,Bell,brandon.t.bell@yahoo.com,roastedbit
Sofia,Hernandez,sofia.hernandez@live.com,overtsuit
Kayla,Gray,k_r95@gmail.com,flashybelieve
Amber,Miller,a.a.miller@gmail.com,dampnote
Nathan,Hill,n_f_hill@aol.com,feignedquilt
Matthew,Turner,matthewturner@yahoo.com,vivaciouselbow
John,Griffin,john_griffin@rocketmail.com,plainaccount
Adam,Collins,adammcollins@hotmail.com,stormyburst
Amelia,Powell,amelia.powell@outlook.com,poisedflame
Brian,Cooper,bcooper@live.com,wryexchange
Alexander,Bryant,a_bryant@aol.com,seemlyplate
Andrew,Rogers,andrewarogers@live.com,absentbrick
Isaac,Watson,i_j_watson@rocketmail.com,hurriednose
Richard,Brooks,r_brooks@outlook.com,nondescriptdegree
Charles,Brooks,c.brooks69@gmail.com,roastedshape
Christina,Rodriguez,cmrodriguez@hotmail.com,distinctelbow
Sara,Reed,sereed@live.com,interestingvoyage
Lillian,Gonzales,lillian.gonzales65@yahoo.com,rusticcamera
Matthew,Miller,memiller@outlook.com,jazzyparcel
Kimberly,Kelly,kimberly_g@hotmail.com,tritecorn
Alexandra,Wood,alexandra_m_wood67@hotmail.com,damagingtooth
Joshua,Clark,jmclark@yahoo.com,medicalpocket
Jeremy,Bell,jeremy_w81@ymail.com,naturalvoyage
Zachary,Richardson,zachary.edward.richardson32@ymail.com,shystem
Owen,Jones,owenjones@gmail.com,miniaturehope
Kelsey,Moore,kelseymichellemoore@aol.com,standingtray
John,Nelson,john.nelson@aol.com,incandescenttendency
Joshua,James,jdjames@live.com,equalcook
Rebecca,Jenkins,r.a.jenkins@ymail.com,seemlysign
Jessica,Ramirez,j.ramirez15@hotmail.com,quickmouth
Haley,Rivera,h_rivera@live.com,unwrittenletter
Adam,Jenkins,a_jenkins@hotmail.com,interestingrainstorm
Jose,Jones,j.jones@rocketmail.com,highfalutinbucket
Stephanie,Anderson,stephanie.anne.anderson29@hotmail.com,festivehorn
Henry,Edwards,henryedwards@aol.com,dullcrate
Adam,Wright,adamwright70@aol.com,charmingbear
Henry,Miller,hmiller97@aol.com,magentatray
Kevin,Young,kevinmyoung@yahoo.com,lackingice
Chelsea,Evans,chelsea.renee.evans39@gmail.com,woozytheory
Stephen,Price,s.price@ymail.com,usedgovernor
Oliver,Adams,oliverjamesadams@hotmail.com,bashfulburst
Mary,Thompson,mthompson@yahoo.com,elasticcook
Matthew,Garcia,m.garcia@gmail.com,delicateburst
Andrew,Powell,andrew_john@ymail.com,publicroof
Rebecca,Gray,rebecca.l.gray@gmail.com,simplestory
Joseph,Miller,joseph_miller@gmail.com,roastedhope
Lauren,Cox,l_r@aol.com,quietsteam
Brian,Sanders,bsanders@ymail.com,voraciousmemory
William,Adams,william78@yahoo.com,eliteice
Ryan,Wright,ryan31@yahoo.com,chiefsteam
Melissa,Mitchell,melissa.mitchell@live.com,pumpedactivity
Victoria,Baker,vfbaker@ymail.com,largebear
Taylor,Hill,taylorhill@live.com,wickedcat
Alexandra,Hughes,alexandramargarethughes@rocketmail.com,faintthumb
Alyssa,White,alyssa.ruth.white@aol.com,entertainingfrog
Isaac,Morgan,i.l.morgan@live.com,absentbrick
Heather,Rodriguez,heatherrodriguez@hotmail.com,wickedspring
Alexis,Long,alexis_long@rocketmail.com,calculatingmetal
Sarah,Wilson,sarahruthwilson@rocketmail.com,chivalrouscrate
Samuel,Henderson,samuel@gmail.com,miniaturefurniture
Danielle,Taylor,danielle.taylor54@hotmail.com,chemicaleye
Steven,Ward,s.ward@gmail.com,puzzledairplane
Isabella,Ramirez,isabellaleeramirez@gmail.com,mellowverse
Courtney,Thomas,cthomas@yahoo.com,charmingimpulse
Mark,Hernandez,mhernandez@live.com,chiefmarket
Joshua,Henderson,jahenderson@ymail.com,wickeddesk
Courtney,Henderson,crhenderson20@aol.com,painstakingstory
Andrew,Torres,a.torres@rocketmail.com,interestingshape
Anthony,Brown,anthonybrown@gmail.com,temporarybadge
Olivia,Reed,oliviareed90@hotmail.com,zippyshade
Steven,Garcia,steven_r_garcia@live.com,usedtail
Owen,Smith,o.w.smith@ymail.com,learnedknowledge
Samantha,Evans,samantha.evans54@live.com,enchantingwriting
Abigail,Johnson,ajohnson@ymail.com,jazzycamera
Mateo,Johnson,mcjohnson@rocketmail.com,standingaccount
Maria,Patterson,mariarpatterson@yahoo.com,scientificface
Sarah,Cooper,sarah_mary@outlook.com,familiarquilt
Charles,Bell,charlesanthonybell@outlook.com,simplebrick
James,Phillips,james.phillips30@outlook.com,faintcushion
Matthew,Hill,matthewandrewhill@rocketmail.com,shortbooks
Eric,Jones,eh@outlook.com,rambunctiouschicken
Owen,Collins,owen_francis@aol.com,receptivejewel
Eric,Hayes,eric.r.hayes57@hotmail.com,woodenmemory
Steven,Adams,sj@aol.com,colossalwheel
Aubrey,Morris,aubreymorris34@aol.com,publicwind
Stephen,Brown,stephenbrown@live.com,chivalrouscrate
Hannah,Bailey,h_j_bailey@aol.com,squealingtin
Christina,Diaz,c.diaz@hotmail.com,delicateticket
William,Martinez,w_a_martinez@hotmail.com,greentail
Layla,Hughes,laylakhughes58@live.com,overtcreature
Jennifer,Hill,j.hill@ymail.com,mysteriouskey
Christopher,Brown,christopher_joseph_brown@live.com,complexcat
Dylan,Anderson,dylanray@hotmail.com,familiarcushion
Aiden,Hall,ahall39@aol.com,miniatureair
Joshua,Young,joshua@aol.com,naturalliquid
Alexis,King,a.king16@aol.com,faintfrog
Abigail,Russell,abigail.russell@yahoo.com,usedplate
Danielle,Stewart,d.stewart26@ymail.com,tritefriend
Dylan,Collins,dylan@gmail.com,firststar
Benjamin,Rodriguez,b.w@rocketmail.com,frighteningbulb
Aiden,King,aiden_m_king@gmail.com,wisedebt
Richard,Watson,r_f_watson@live.com,squealingcorn
Julian,Hayes,j_c_hayes@outlook.com,dappertray
Patrick,Phillips,psphillips@aol.com,enormousbelieve
Isabella,Garcia,i_garcia87@live.com,tallwhistle
Haley,Howard,haley51@yahoo.com,woodentaste
Andrew,Lewis,alewis@live.com,frightenedvessel
Katherine,King,k.m@yahoo.com,chemicalexchange
Nathan,Scott,nathan.alan.scott@rocketmail.com,spikyrainstorm
Robert,Wood,robert76@rocketmail.com,temporaryknowledge
Victoria,Wilson,victoriawilson@hotmail.com,jumbledshade
Erin,Hall,e.hall1@rocketmail.com,wickedsteam
Alyssa,Sanders,a.sanders@aol.com,mightyhope
Adam,Edwards,a_edwards@gmail.com,equalcorn
Julian,Evans,j_evans@live.com,equablepin
Kimberly,Ross,k_ross@yahoo.com,funnysuit
Christopher,Garcia,christopherjohngarcia@yahoo.com,complexproperty
Jose,Alexander,j_alexander@yahoo.com,simplisticnote
Charlotte,Wilson,c.j.wilson@gmail.com,crazynose
Michael,Barnes,michael.barnes@live.com,safepin
Emily,Lee,emily_lee@live.com,earthytheory
Kelsey,Thompson,kthompson@ymail.com,coherentscience
Evelyn,Thomas,evelyn_thomas@hotmail.com,gullibleburst
Owen,Ross,owen_ross@yahoo.com,richwind
Dylan,Collins,dylan_collins@live.com,charmingjar
Brian,Taylor,bctaylor@outlook.com,maturefriend
Kyle,Robinson,kmrobinson@ymail.com,greenflame
Lauren,Jenkins,lauren_lynn_jenkins@ymail.com,hungryframe
Ava,Bailey,a_r_bailey@hotmail.com,mysteriousshelf
Jasmine,Ross,jross@outlook.com,simplevessel
Christina,Richardson,christina.richardson@live.com,temporarywave
Layla,Green,l.green57@yahoo.com,kindlytray
Sara,Cox,s.cox@ymail.com,unwrittenposition
Anthony,Watson,anthony_james_watson18@ymail.com,quiethorn
Eric,Allen,eric.j.allen@yahoo.com,greenairplane
Katherine,Cox,k_m_cox@rocketmail.com,greenshade
John,Johnson,j_w@live.com,enormousliquid
David,Wright,david_r@hotmail.com,incandescentface
Sophia,Bell,s_bell11@live.com,tallnose
Amanda,Peterson,amanda_mae_peterson@ymail.com,elitesound
Theodore,Ross,t.ross@live.com,steadysoup
Megan,Bennett,m_s_bennett65@gmail.com,delicateforce
Adam,Bailey,adam_m_bailey@live.com,bouncyorder
Aiden,Morgan,aiden_allen_morgan43@rocketmail.com,faststar
Owen,Rodriguez,owen_anthony_rodriguez@hotmail.com,shortcorn
Christina,Ross,cross@gmail.com,realproperty
Audrey,Lewis,audrey_k_lewis@aol.com,tendersteam
Claire,Miller,cmiller21@aol.com,distinctwheel
Claire,Scott,cescott@aol.com,cutetrip
Nicole,Cox,nicolei@outlook.com,shyslope
Julian,Williams,julianwilliams@gmail.com,outgoinghope
Charles,Campbell,charles_t_campbell@ymail.com,stickyrainstorm
Thomas,Richardson,t.richardson@rocketmail.com,woodenriver
Chelsea,Russell,chelsea@live.com,colossalcushion
Jeremy,Turner,jrturner@aol.com,festivedebt
Matthew,Murphy,m.murphy@outlook.com,nimbleorder
Sara,Kelly,sara76@rocketmail.com,woodenwheel
Amanda,James,a.j.james@aol.com,miniaturecherry
Emily,James,emily_may_james59@gmail.com,outgoingharbor
Megan,Sanders,megan_anne52@aol.com,receptivehorn
Julian,Gray,juliananthonygray@hotmail.com,vivacioustomatoes
John,Roberts,john.roberts@aol.com,absentscience
Kayla,Cooper,kayla.cooper@aol.com,mellowjeans
Eric,Lee,e.lee@gmail.com,kindlyexchange
Emily,Nelson,e_nelson@outlook.com,shorttrain
Ashley,Rodriguez,ashley.r@rocketmail.com,voraciouswave
Ava,Mitchell,ava_m_mitchell@aol.com,publicfurniture
Kyle,Allen,k_l_allen50@rocketmail.com,stickymetal
Claire,Rivera,cdrivera@live.com,equablenose
Brianna,Collins,b_r_collins@live.com,standingpurpose
Stephen,Wood,s.wood@live.com,mysteriouscoat
Charlotte,Howard,charlotte_howard@aol.com,bewilderedplate
Nathan,Watson,nathanwatson@yahoo.com,tallknowledge
Julian,Cooper,juliancooper@aol.com,jumbledghost
Matthew,Jackson,matthew.jackson@hotmail.com,voraciousfurniture
Maria,Foster,maria@live.com,steadyfriend
Layla,Miller,layla_miller@aol.com,wickedticket
Eleanor,Richardson,eleanor_richardson@live.com,scientificcoat
Benjamin,Green,benjamin_green@ymail.com,wickedearth
Kelsey,Wright,kjwright@aol.com,crazybooks
Victoria,Gonzales,victoria_gonzales@ymail.com,bewilderedliquid
Isaac,Martinez,isaac.a.martinez@outlook.com,feignedcorn
Evelyn,Mitchell,e_mitchell@live.com,jollynose
John,Hughes,john_hughes@live.com,unwrittenair
Ryan,Allen,r_d_allen@hotmail.com,learnedtaste
Ethan,Murphy,e_e@live.com,earthycreature
Eric,Campbell,ericc73@gmail.com,seemlygovernor
Megan,Phillips,mphillips47@ymail.com,priceyfuel
Jason,Price,j_a_price@hotmail.com,naturalriddle
Tiffany,Anderson,t_l_anderson@outlook.com,vivaciousstar
Eleanor,Rodriguez,eleanor_rodriguez@gmail.com,wisestem
Joseph,Martinez,joseph_edward_martinez@gmail.com,publicflame
Erin,Washington,erin.grace.washington10@outlook.com,gulliblepocket
Sebastian,Edwards,s_r_edwards@live.com,bigsilk
Jose,Harris,jose@yahoo.com,maturewriting
Jessica,Ross,j.l.ross@rocketmail.com,damppocket
Courtney,Morgan,cimorgan41@outlook.com,stupendousrange
Joshua,Nelson,joshua.nelson@outlook.com,mightyfeeling
Ava,Flores,arflores@aol.com,largeyam
Ashley,Anderson,ashleydawnanderson@live.com,temporaryliquid
Olivia,Anderson,o.anderson@aol.com,nondescriptpocket
Austin,Griffin,a_griffin70@hotmail.com,flashyshake
Kyle,Bell,kylebell@live.com,talldesk
Layla,Parker,l_i31@outlook.com,stickyspace
Emily,Evans,emilyevans@ymail.com,tritehammer
John,Carter,johndcarter@live.com,marvelousparcel
Joshua,Miller,jd@yahoo.com,yellowriver
Hannah,Coleman,h.coleman@gmail.com,plainroof
Christopher,Cook,christopher_cook@outlook.com,stormysmile
Natalie,Hughes,nhughes54@rocketmail.com,frighteningmetal
Joseph,Coleman,joseph.coleman@aol.com,absorbedcook
Nicole,Robinson,n_robinson@gmail.com,unwrittenbit
Elizabeth,Davis,elizabethdavis@gmail.com,nicetaste
Brianna,Perry,brianna@hotmail.com,realjewel
Adam,Phillips,a.j.phillips@hotmail.com,woozyrailway
Jennifer,Roberts,jennifer.g.roberts26@ymail.com,dampwren
Hannah,Hall,hannah.e.hall@ymail.com,equableriver
Anna,Edwards,annaedwards@live.com,temporarysnow
Melissa,Thomas,melissa.thomas@live.com,jumbledwhistle
Sebastian,Wright,s_r_wright@live.com,quietharbor
Benjamin,Davis,benjaminwdavis7@aol.com,priceyjar
Kaitlyn,Rogers,kaitlyn_lynn_rogers@live.com,frighteningangle
Matthew,Rogers,m.a@rocketmail.com,elasticswim
Kevin,Morgan,k_morgan@outlook.com,stickybelieve
Audrey,Watson,a_watson@hotmail.com,adorablevacation
Charlotte,Phillips,charlotterphillips50@ymail.com,flashyframe
Mark,Collins,mark_collins@ymail.com,tallbucket
Kayla,Clark,kayla.m.clark@ymail.com,coherentsnow
Michael,Phillips,michaelphillips@outlook.com,earthyrange
Courtney,Harris,courtney.harris@aol.com,voraciousimpulse
Samantha,Rogers,s_rogers@live.com,complexvacation
Brittany,Morgan,b.a.morgan@rocketmail.com,fastcable
Brian,Brooks,brian.brooks81@yahoo.com,richhose
Haley,Thompson,haley.lynn.thompson67@aol.com,kindlywind
Andrew,Stewart,a.stewart@ymail.com,breezymachine
Emily,Washington,e.washington89@outlook.com,violetface
Christina,Rivera,c_rivera@hotmail.com,entertaininglanguage
Grace,Collins,g_collins@outlook.com,distinctknowledge
Justin,Simmons,j_simmons25@live.com,jumbledthumb
Jasmine,Scott,j.scott@yahoo.com,nicesilk
Aaron,Campbell,a.campbell94@live.com,rusticforce
Emily,Taylor,emily@rocketmail.com,youthfulspace
Melissa,Brooks,m.r.brooks@outlook.com,entertainingeye
William,Price,w_e_price@yahoo.com,violetbear
Mary,Scott,mary@yahoo.com,nondescriptrailway
Mark,Bryant,mark_bryant@ymail.com,receptiveairplane
Zachary,Alexander,z.alexander@hotmail.com,seemlyimpulse
Stephen,Flores,stephen.thomas.flores43@gmail.com,certaincook
Nicole,Jones,nicole_jones@ymail.com,tritespring
Layla,Cook,laylamarie@outlook.com,gulliblesupport
Kevin,Smith,kevinmsmith@outlook.com,dappersmile
Claire,Rogers,c_rogers@ymail.com,realsnake
Jennifer,Hernandez,j_m_hernandez@gmail.com,joyousghost
Charlotte,Howard,choward@ymail.com,nondescriptquilt
Sofia,Thompson,s.thompson@yahoo.com,jumbledriddle
Taylor,Diaz,taylor_diaz@ymail.com,maturesuit
Sofia,Mitchell,sofia_a_mitchell@yahoo.com,tallpin
Stephanie,Gonzales,stephanie_gonzales@live.com,upseteye
Julian,Russell,j_l_russell@hotmail.com,cleanparcel
Nathan,Alexander,nathan_francis@hotmail.com,voracioushorn
Jennifer,Smith,jennifersmith@live.com,enormousliquid
Courtney,Parker,c_e_parker@yahoo.com,goofymouth
Eric,Roberts,e.roberts@yahoo.com,absentdebt
Olivia,Russell,olrussell@aol.com,faintforce
Joshua,Lewis,joshua.lewis@live.com,highfalutinexchange
Robert,Gonzales,robert.gonzales34@yahoo.com,frighteningbadge
Victoria,Cook,v_cook@rocketmail.com,stupendousairplane
Matthew,Butler,matthew@ymail.com,adorablesnow
Lillian,Walker,lillianmaewalker96@ymail.com,realcoat
Justin,Bryant,justinwilliambryant@gmail.com,funnybit
Joshua,Robinson,jrobinson@ymail.com,faintcable
