course_name,department,instructor_fullname,course_id
Introduction to Biology,Biology,David Miller,BIO101
Chemistry 101,Chemistry,Rachel Wilson,CHEM101
Physics for Beginners,Physics,Daniel Lee,PHYS101
History of Art,Art History,Olivia Davis,ART101
English Literature,English,James Johnson,ENG101
Introduction to Psychology,Psychology,Sophia Brown,PSY101
Mathematics for Engineers,Mathematics,William Thompson,MATH101
Introduction to Economics,Economics,Emma Wilson,ECO101
Music Theory,Music,Ethan Davis,MUS101
Introduction to Sociology,Sociology,Ava Johnson,SOC101
Political Science 101,Political Science,Daniel Brown,POL101
Marketing Fundamentals,Marketing,Sophia Thompson,MKTG101
Business Ethics,Business,Jacob Wilson,BUS101
Environmental Science,Environmental Studies,Oliver Johnson,ENV101
